S No,Village LGD Code,Village Name (In English),Village Name (In Local language),Hierarchy,Census 2001 Code,Census2011 Code,Pesa Status,View Government Order,View Details,View History,View Map
1,12246,Aadat (211),अडत (211),Udaipur(Sub-District) / Lahaul And Spiti(District) / Himachal Pradesh(State),00556900,012246,F,,,,
2,12348,Baar (7/12),बार (7/12),Lahul(Sub-District) / Lahaul And Spiti(District) / Himachal Pradesh(State),00567100,012348,F,,,,
3,12265,Ba-Baring (1/13),भा-बारिंग (1/13),Udaipur(Sub-District) / Lahaul And Spiti(District) / Himachal Pradesh(State),00558800,012265,F,,,,
4,12380,Barbog (9/1),बरबोग (9/1),Lahul(Sub-District) / Lahaul And Spiti(District) / Himachal Pradesh(State),00570300,012380,F,,,,
5,12386,Bargul (11/4),बरगुल (11/4),Lahul(Sub-District) / Lahaul And Spiti(District) / Himachal Pradesh(State),00570900,012386,F,,,,
6,12292,Barnam (2/3),बरनम (2/3),Lahul(Sub-District) / Lahaul And Spiti(District) / Himachal Pradesh(State),00561500,012292,F,,,,
7,12194,Barour (124),बरोड (124),Udaipur(Sub-District) / Lahaul And Spiti(District) / Himachal Pradesh(State),00551700,012194,F,,,,
8,12364,Baryo (8/15),बरयो (8/15),Lahul(Sub-District) / Lahaul And Spiti(District) / Himachal Pradesh(State),00568700,012364,F,,,,
9,12337,Beeling (7/1),बिलिंग (7/1),Lahul(Sub-District) / Lahaul And Spiti(District) / Himachal Pradesh(State),00566000,012337,F,,,,
10,12271,Bha-Chevar (1/17),भा-चेवर (1/17),Udaipur(Sub-District) / Lahaul And Spiti(District) / Himachal Pradesh(State),00559400,012271,F,,,,
11,12326,Bha-Gadang (5/15),भा-गाडंग (5/15),Lahul(Sub-District) / Lahaul And Spiti(District) / Himachal Pradesh(State),00564900,012326,F,,,,
12,12529,Bharpa(92),बारपा (92),Spiti(Sub-District) / Lahaul And Spiti(District) / Himachal Pradesh(State),00585200,012529,F,eSignGOFile662648_19_02_2025_15_14_33.pdf,,,
13,12336,Bha-Sumnam (6/11),भा-सुमनम (6/11),Lahul(Sub-District) / Lahaul And Spiti(District) / Himachal Pradesh(State),00565900,012336,F,,,,
14,12273,Bhayadi (1/19),भयाडी (1/19),Udaipur(Sub-District) / Lahaul And Spiti(District) / Himachal Pradesh(State),00559600,012273,F,,,,
15,12285,Bheling (1/26),बेलिंग (1/26),Udaipur(Sub-District) / Lahaul And Spiti(District) / Himachal Pradesh(State),00560800,012285,F,,,,
16,12191,Bhujund (109),भुजुण्ड (109),Udaipur(Sub-District) / Lahaul And Spiti(District) / Himachal Pradesh(State),00551400,012191,F,,,,
17,12357,Bok (8/8),बोक (8/8),Lahul(Sub-District) / Lahaul And Spiti(District) / Himachal Pradesh(State),00568000,012357,F,,,,
18,12340,Bokar (7/3),बोकर (7/3),Lahul(Sub-District) / Lahaul And Spiti(District) / Himachal Pradesh(State),00566300,012340,F,,,,
19,12418,Bokcha (14/3),बोकचा (14/3),Lahul(Sub-District) / Lahaul And Spiti(District) / Himachal Pradesh(State),00574100,012418,F,,,,
20,12335,Bokta (6/10),बोक्टा (6/10),Lahul(Sub-District) / Lahaul And Spiti(District) / Himachal Pradesh(State),00565800,012335,F,,,,
21,12574,Chamling (131),चमलिंग (131),Spiti(Sub-District) / Lahaul And Spiti(District) / Himachal Pradesh(State),00589700,012574,F,,,,
22,12263,Chembak (1/9),चेमबक (1/9),Udaipur(Sub-District) / Lahaul And Spiti(District) / Himachal Pradesh(State),00558600,012263,F,,,,
23,12154,Chhaling (191),छालिंग (191),Udaipur(Sub-District) / Lahaul And Spiti(District) / Himachal Pradesh(State),00547700,012154,F,,,,
24,12372,Chharjee (9/9),छरजी (9/9),Lahul(Sub-District) / Lahaul And Spiti(District) / Himachal Pradesh(State),00569500,012372,F,,,,
25,12376,Chheling (9/4),छैलिंग (9/4),Lahul(Sub-District) / Lahaul And Spiti(District) / Himachal Pradesh(State),00569900,012376,F,,,,
26,12526,Chhidang (89),छीदांग (89),Spiti(Sub-District) / Lahaul And Spiti(District) / Himachal Pradesh(State),00584900,012526,F,,,,
27,12361,Chhikabe (8/11),छिकावे (8/11),Lahul(Sub-District) / Lahaul And Spiti(District) / Himachal Pradesh(State),00568400,012361,F,,,,
28,12257,Chhogjing (1/3),छोगजिंग (1/3),Udaipur(Sub-District) / Lahaul And Spiti(District) / Himachal Pradesh(State),00558000,012257,F,,,,
29,12415,Chhokar (13/13),छोकर (13/13),Lahul(Sub-District) / Lahaul And Spiti(District) / Himachal Pradesh(State),00573800,012415,F,,,,
30,12309,Chhwagmurti (5/1),छवागमुर्ती (5/1),Lahul(Sub-District) / Lahaul And Spiti(District) / Himachal Pradesh(State),00563200,012309,F,,,,
31,12485,Chicham Khas (56/1),चिच्चम खास (56/1),Spiti(Sub-District) / Lahaul And Spiti(District) / Himachal Pradesh(State),00580800,012485,F,,,,
32,12467,Chichong (40/2),चिचोंग (40/2),Spiti(Sub-District) / Lahaul And Spiti(District) / Himachal Pradesh(State),00579000,012467,F,,,,
33,12481,Chigzar (52/3),चिगजर (52/3),Spiti(Sub-District) / Lahaul And Spiti(District) / Himachal Pradesh(State),00580400,012481,F,,,,
34,12170,Chimrat (202),चिमरट (202),Udaipur(Sub-District) / Lahaul And Spiti(District) / Himachal Pradesh(State),00549300,012170,F,,,,
35,12603,Chobrang Khas (152/1),चोबरंग खास (152/1),Spiti(Sub-District) / Lahaul And Spiti(District) / Himachal Pradesh(State),00592600,012603,F,,,,
36,12256,Chokhang (1/4),चोखंग (1/4),Udaipur(Sub-District) / Lahaul And Spiti(District) / Himachal Pradesh(State),00557900,012256,F,,,,
37,12387,Dalang (12/1),दालंग (12/1),Lahul(Sub-District) / Lahaul And Spiti(District) / Himachal Pradesh(State),00571000,012387,F,,,,
38,12317,Dangar (5/9),डंगर (5/9),Lahul(Sub-District) / Lahaul And Spiti(District) / Himachal Pradesh(State),00564000,012317,F,,,,
39,12367,Dangma (8/18),दारचादंगमा (8/18),Lahul(Sub-District) / Lahaul And Spiti(District) / Himachal Pradesh(State),00569000,012367,F,,,,
40,12270,Delda (1/16),डेल्डा (1/16),Udaipur(Sub-District) / Lahaul And Spiti(District) / Himachal Pradesh(State),00559300,012270,F,,,,
41,12607,Demul Khas (155/1),डेमूल खास (155/1),Spiti(Sub-District) / Lahaul And Spiti(District) / Himachal Pradesh(State),00593000,012607,F,,,,
42,12261,Dhandak (1/7),दंदक (1/7),Udaipur(Sub-District) / Lahaul And Spiti(District) / Himachal Pradesh(State),00558400,012261,F,,,,
43,12593,Dhankhar (149/1),डंखर (149/1),Spiti(Sub-District) / Lahaul And Spiti(District) / Himachal Pradesh(State),00591600,012593,F,,,,
44,12148,Dhar Aahan (179),धार आहण (179),Udaipur(Sub-District) / Lahaul And Spiti(District) / Himachal Pradesh(State),00547100,012148,F,,,,
45,12642,Dhar Aangla (175),धार अंगला (175),Spiti(Sub-District) / Lahaul And Spiti(District) / Himachal Pradesh(State),00596500,012642,F,,,,
46,12209,Dhar Batgahar (133),धार बतगाहर (133),Udaipur(Sub-District) / Lahaul And Spiti(District) / Himachal Pradesh(State),00553200,012209,F,,,,
47,12212,Dhar Bhim Bhag (141),धार भींबाग (141),Udaipur(Sub-District) / Lahaul And Spiti(District) / Himachal Pradesh(State),00553500,012212,F,,,,
48,12137,Dhar Bhitar (182),धार भीतर (182),Udaipur(Sub-District) / Lahaul And Spiti(District) / Himachal Pradesh(State),00546000,012137,F,,,,
49,12549,Dhar Changlung (109),धार चंगलुंग (109),Spiti(Sub-District) / Lahaul And Spiti(District) / Himachal Pradesh(State),00587200,012549,F,,,,
50,12557,Dhar Changpat (117),धार चंगपट (117),Spiti(Sub-District) / Lahaul And Spiti(District) / Himachal Pradesh(State),00588000,012557,F,,,,
51,12156,Dhar Chanuh (199),धार चणूह (199),Udaipur(Sub-District) / Lahaul And Spiti(District) / Himachal Pradesh(State),00547900,012156,F,,,,
52,12428,Dhar Charap Sampa (2),धार छरप समपा (2),Spiti(Sub-District) / Lahaul And Spiti(District) / Himachal Pradesh(State),00575100,012428,F,,,,
53,12583,Dhar Charas (140),धार चारस (140),Spiti(Sub-District) / Lahaul And Spiti(District) / Himachal Pradesh(State),00590600,012583,F,,,,
54,12145,Dhar Chetal (174),धार चेतल (174),Udaipur(Sub-District) / Lahaul And Spiti(District) / Himachal Pradesh(State),00546800,012145,F,,,,
55,12530,Dhar Chhaling (93),धार छालिंग (93),Spiti(Sub-District) / Lahaul And Spiti(District) / Himachal Pradesh(State),00585300,012530,F,,,,
56,12188,Dhar Chhaned (107),धार छनेड (107),Udaipur(Sub-District) / Lahaul And Spiti(District) / Himachal Pradesh(State),00551100,012188,F,,,,
57,12531,Dhar Chhau (94),धार छाउ (94),Spiti(Sub-District) / Lahaul And Spiti(District) / Himachal Pradesh(State),00585400,012531,F,,,,
58,12618,Dhar Chhavigya (162),धार छपज्ञा (162),Spiti(Sub-District) / Lahaul And Spiti(District) / Himachal Pradesh(State),00594100,012618,F,,,,
59,12559,Dhar Chho Chho Dain (119),धार छोछोदेन (119),Spiti(Sub-District) / Lahaul And Spiti(District) / Himachal Pradesh(State),00588200,012559,F,,,,
60,12647,Dhar Chhochhodun (178),धार छोछोडुन (178),Spiti(Sub-District) / Lahaul And Spiti(District) / Himachal Pradesh(State),00597000,012647,F,,,,
61,12431,Dhar Chhomo (5),धार छोमो (5),Spiti(Sub-District) / Lahaul And Spiti(District) / Himachal Pradesh(State),00575400,012431,F,,,,
62,12499,Dhar Chhon Chhon Kanghilda (67),धार चोचो कंगनिलदा (67),Spiti(Sub-District) / Lahaul And Spiti(District) / Himachal Pradesh(State),00582200,012499,F,,,,
63,12560,Dhar Chhorak (120),धार छोराक (120),Spiti(Sub-District) / Lahaul And Spiti(District) / Himachal Pradesh(State),00588300,012560,F,,,,
64,12439,Dhar Chhumjar (13),धार छुमजर (13),Spiti(Sub-District) / Lahaul And Spiti(District) / Himachal Pradesh(State),00576200,012439,F,,,,
65,12488,Dhar Chicham (58),धार चिच्चम (58),Spiti(Sub-District) / Lahaul And Spiti(District) / Himachal Pradesh(State),00581100,012488,F,,,,
66,12624,Dhar Chokula (164),धार चोकुला (164),Spiti(Sub-District) / Lahaul And Spiti(District) / Himachal Pradesh(State),00594700,012624,F,,,,
67,12141,Dhar Churdarun (188),धार चुरदरूण (188),Udaipur(Sub-District) / Lahaul And Spiti(District) / Himachal Pradesh(State),00546400,012141,F,,,,
68,12196,Dhar Churgahar (125),धार चुरगाहर (125),Udaipur(Sub-District) / Lahaul And Spiti(District) / Himachal Pradesh(State),00551900,012196,F,,,,
69,12144,Dhar Chutardarun (180),धार चुतरदरून (180),Udaipur(Sub-District) / Lahaul And Spiti(District) / Himachal Pradesh(State),00546700,012144,F,,,,
70,12445,Dhar Dagduk (19),धार डगडुक (19),Spiti(Sub-District) / Lahaul And Spiti(District) / Himachal Pradesh(State),00576800,012445,F,,,,
71,12612,Dhar Dak Dam-Dam (156),धार ढक डम-डम (156),Spiti(Sub-District) / Lahaul And Spiti(District) / Himachal Pradesh(State),00593500,012612,F,,,,
72,12522,Dhar Dangdagma (85),धार दंग दंग मा (85),Spiti(Sub-District) / Lahaul And Spiti(District) / Himachal Pradesh(State),00584500,012522,F,,,,
73,12139,Dhar Darun (183),धार दरून (183),Udaipur(Sub-District) / Lahaul And Spiti(District) / Himachal Pradesh(State),00546200,012139,F,,,,
74,12553,Dhar Devsa (113),धार डेबसा (113),Spiti(Sub-District) / Lahaul And Spiti(District) / Himachal Pradesh(State),00587600,012553,F,,,,
75,12438,Dhar Dhakar (12),धार ढकर (12),Spiti(Sub-District) / Lahaul And Spiti(District) / Himachal Pradesh(State),00576100,012438,F,,,,
76,12208,Dhar Dhanda (136),धार ढान्डा (136),Udaipur(Sub-District) / Lahaul And Spiti(District) / Himachal Pradesh(State),00553100,012208,F,,,,
77,12179,Dhar Dhandal (138),धार धान्दल (138),Udaipur(Sub-District) / Lahaul And Spiti(District) / Himachal Pradesh(State),00550200,012179,F,,,,
78,12465,Dhar Dindi (39),धार दिन्डी (39),Spiti(Sub-District) / Lahaul And Spiti(District) / Himachal Pradesh(State),00578800,012465,F,,,,
79,12451,Dhar Dojam (25),धार दोजम (25),Spiti(Sub-District) / Lahaul And Spiti(District) / Himachal Pradesh(State),00577400,012451,F,,,,
80,12450,Dhar Dojam Gyampa (24),धार दोजम ज्ञाम्पा (24),Spiti(Sub-District) / Lahaul And Spiti(District) / Himachal Pradesh(State),00577300,012450,F,,,,
81,12177,Dhar Dugha (166),धार दुगाह (166),Udaipur(Sub-District) / Lahaul And Spiti(District) / Himachal Pradesh(State),00550000,012177,F,,,,
82,12614,Dhar Dum Bachen (158),धार दुम्पाचेन (158),Spiti(Sub-District) / Lahaul And Spiti(District) / Himachal Pradesh(State),00593700,012614,F,,,,
83,12464,Dhar Fagdansa (38),धार फंगडंसा (38),Spiti(Sub-District) / Lahaul And Spiti(District) / Himachal Pradesh(State),00578700,012464,F,,,,
84,12475,Dhar Faldar (48),धार फलदर (48),Spiti(Sub-District) / Lahaul And Spiti(District) / Himachal Pradesh(State),00579800,012475,F,,,,
85,12484,Dhar Farah (55),धार फराह (55),Spiti(Sub-District) / Lahaul And Spiti(District) / Himachal Pradesh(State),00580700,012484,F,,,,
86,12237,Dhar Fhatgahar (206),धार फटगाहर (206),Udaipur(Sub-District) / Lahaul And Spiti(District) / Himachal Pradesh(State),00556000,012237,F,,,,
87,12625,Dhar Gangchhumi (165),धार गंगछूमी (165),Spiti(Sub-District) / Lahaul And Spiti(District) / Himachal Pradesh(State),00594800,012625,F,,,,
88,12541,Dhar Gechang (104),धार गेचोग (104),Spiti(Sub-District) / Lahaul And Spiti(District) / Himachal Pradesh(State),00586400,012541,F,,,,
89,12249,Dhar Gilding (219),धार गिलडिंग (219),Udaipur(Sub-District) / Lahaul And Spiti(District) / Himachal Pradesh(State),00557200,012249,F,,,,
90,12430,Dhar Gompa (4),धार गोचा (4),Spiti(Sub-District) / Lahaul And Spiti(District) / Himachal Pradesh(State),00575300,012430,F,,,,
91,12142,Dhar Gumba (184),धार गुम्बा (184),Udaipur(Sub-District) / Lahaul And Spiti(District) / Himachal Pradesh(State),00546500,012142,F,,,,
92,12633,Dhar Gunla (170),धार गुन्ला (170),Spiti(Sub-District) / Lahaul And Spiti(District) / Himachal Pradesh(State),00595600,012633,F,,,,
93,12161,Dhar Gurdhar (173),धार गुरधार (173),Udaipur(Sub-District) / Lahaul And Spiti(District) / Himachal Pradesh(State),00548400,012161,F,,,,
94,12477,Dhar Gyundi (50),धार घियूंडी (50),Spiti(Sub-District) / Lahaul And Spiti(District) / Himachal Pradesh(State),00580000,012477,F,,,,
95,12489,Dhar Hal (59),धार हल (59),Spiti(Sub-District) / Lahaul And Spiti(District) / Himachal Pradesh(State),00581200,012489,F,,,,
96,12232,Dhar Holat (205),धार हौलाट (205),Udaipur(Sub-District) / Lahaul And Spiti(District) / Himachal Pradesh(State),00555500,012232,F,,,,
97,12577,Dhar Jamaro (134),धार जमारो (134),Spiti(Sub-District) / Lahaul And Spiti(District) / Himachal Pradesh(State),00590000,012577,F,,,,
98,12168,Dhar Jatul (193),धार जातुल (193),Udaipur(Sub-District) / Lahaul And Spiti(District) / Himachal Pradesh(State),00549100,012168,F,,,,
99,12643,Dhar Jhanda Choksa (176),धार झन्डा चोकसा (176),Spiti(Sub-District) / Lahaul And Spiti(District) / Himachal Pradesh(State),00596600,012643,F,,,,
100,12250,Dhar Jholing (224),धार झोलिंग (224),Udaipur(Sub-District) / Lahaul And Spiti(District) / Himachal Pradesh(State),00557300,012250,F,,,,
101,12563,Dhar Jikvaldar (123),धार जिगबलदर (123),Spiti(Sub-District) / Lahaul And Spiti(District) / Himachal Pradesh(State),00588600,012563,F,,,,
102,12525,Dhar Jong (88),धार जोंग (88),Spiti(Sub-District) / Lahaul And Spiti(District) / Himachal Pradesh(State),00584800,012525,F,,,,
103,12200,Dhar Jutgahar (121),धार जुटगाहर (121),Udaipur(Sub-District) / Lahaul And Spiti(District) / Himachal Pradesh(State),00552300,012200,F,,,,
104,12453,Dhar Kabjima (27),धार कावजिमा (27),Spiti(Sub-District) / Lahaul And Spiti(District) / Himachal Pradesh(State),00577600,012453,F,,,,
105,12437,Dhar Kabzima Gyapma (11),धार कावजिमा ज्ञाम्पा (11),Spiti(Sub-District) / Lahaul And Spiti(District) / Himachal Pradesh(State),00576000,012437,F,,,,
106,12217,Dhar Kagal Pangah (147),धार कागल पंगाह (147),Udaipur(Sub-District) / Lahaul And Spiti(District) / Himachal Pradesh(State),00554000,012217,F,,,,
107,12648,Dhar Kargyupa (179),धार करजुम्पा (179),Spiti(Sub-District) / Lahaul And Spiti(District) / Himachal Pradesh(State),00597100,012648,F,,,,
108,12654,Dhar Karjenpa (182),धार करजेन्पा (182),Spiti(Sub-District) / Lahaul And Spiti(District) / Himachal Pradesh(State),00597700,012654,F,,,,
109,12158,Dhar Karpat (194),धार करपट (194),Udaipur(Sub-District) / Lahaul And Spiti(District) / Himachal Pradesh(State),00548100,012158,F,,,,
110,12510,Dhar Keuling (75),धार क्यूलिंग (75),Spiti(Sub-District) / Lahaul And Spiti(District) / Himachal Pradesh(State),00583300,012510,F,,,,
111,12552,Dhar Khamengar (112),धार खमेगर (112),Spiti(Sub-District) / Lahaul And Spiti(District) / Himachal Pradesh(State),00587500,012552,F,,,,
112,12242,Dhar Khingar (218),धार खिंगर (218),Udaipur(Sub-District) / Lahaul And Spiti(District) / Himachal Pradesh(State),00556500,012242,F,,,,
113,12540,Dhar Kidul (103),धार किदुल (103),Spiti(Sub-District) / Lahaul And Spiti(District) / Himachal Pradesh(State),00586300,012540,F,,,,
114,12555,Dhar Kilung (115),धार किलुंग (115),Spiti(Sub-District) / Lahaul And Spiti(District) / Himachal Pradesh(State),00587800,012555,F,,,,
115,12143,Dhar Kundari (189),धार कुन्देरी (189),Udaipur(Sub-District) / Lahaul And Spiti(District) / Himachal Pradesh(State),00546600,012143,F,,,,
116,12204,Dhar Kundel (126),धार कुन्देल (126),Udaipur(Sub-District) / Lahaul And Spiti(District) / Himachal Pradesh(State),00552700,012204,F,,,,
117,12441,Dhar Kurp Ruveru (15),धार कुरूपेरूवरू (15),Spiti(Sub-District) / Lahaul And Spiti(District) / Himachal Pradesh(State),00576400,012441,F,,,,
118,12556,Dhar Ladarche (116),धार लादरचे (116),Spiti(Sub-District) / Lahaul And Spiti(District) / Himachal Pradesh(State),00587900,012556,F,,,,
119,12429,Dhar Lagmi Chhumik (3),धार लमगी छुमिक (3),Spiti(Sub-District) / Lahaul And Spiti(District) / Himachal Pradesh(State),00575200,012429,F,,,,
120,12587,Dhar Lalung (144),धार लालुंग (144),Spiti(Sub-District) / Lahaul And Spiti(District) / Himachal Pradesh(State),00591000,012587,F,,,,
121,12497,Dhar Lama Chung Chung (65),धार लामा चुंग-चुंग (65),Spiti(Sub-District) / Lahaul And Spiti(District) / Himachal Pradesh(State),00582000,012497,F,,,,
122,12433,Dhar Lamaguru (7),धार लामागुरू (7),Spiti(Sub-District) / Lahaul And Spiti(District) / Himachal Pradesh(State),00575600,012433,F,,,,
123,12520,Dhar Lamanduva (83),धार लामनदुवा (83),Spiti(Sub-District) / Lahaul And Spiti(District) / Himachal Pradesh(State),00584300,012520,F,,,,
124,12151,Dhar Lamgad (200),धार लमगड (200),Udaipur(Sub-District) / Lahaul And Spiti(District) / Himachal Pradesh(State),00547400,012151,F,,,,
125,12564,Dhar Larang (124),धार लारंग (124),Spiti(Sub-District) / Lahaul And Spiti(District) / Himachal Pradesh(State),00588700,012564,F,,,,
126,12470,Dhar Lato Thonmo (43),धार लातो थोन्मो (43),Spiti(Sub-District) / Lahaul And Spiti(District) / Himachal Pradesh(State),00579300,012470,F,,,,
127,12482,Dhar Lavrang (53),धार लादरचे (53),Spiti(Sub-District) / Lahaul And Spiti(District) / Himachal Pradesh(State),00580500,012482,F,,,,
128,12447,Dhar Lungar (21),धार लुंगर (21),Spiti(Sub-District) / Lahaul And Spiti(District) / Himachal Pradesh(State),00577000,012447,F,,,,
129,12508,Dhar Lungbu (73),धार लुंगबु (73),Spiti(Sub-District) / Lahaul And Spiti(District) / Himachal Pradesh(State),00583100,012508,F,,,,
130,12592,Dhar Lungje (148),धार लुंगजे (148),Spiti(Sub-District) / Lahaul And Spiti(District) / Himachal Pradesh(State),00591500,012592,F,,,,
131,12457,Dhar Lungmuchhe (31),धार लुंगमुछे (31),Spiti(Sub-District) / Lahaul And Spiti(District) / Himachal Pradesh(State),00578000,012457,F,,,,
132,12562,Dhar Majbaldar (122),धार मजबलदर (122),Spiti(Sub-District) / Lahaul And Spiti(District) / Himachal Pradesh(State),00588500,012562,F,,,,
133,12459,Dhar Makpache (33),धार मकपाचे (33),Spiti(Sub-District) / Lahaul And Spiti(District) / Himachal Pradesh(State),00578200,012459,F,,,,
134,12576,Dhar Mallam (133),धार मल्लम (133),Spiti(Sub-District) / Lahaul And Spiti(District) / Himachal Pradesh(State),00589900,012576,F,,,,
135,12446,Dhar Malung Samdo (20),धार मालुंग सुमदो (20),Spiti(Sub-District) / Lahaul And Spiti(District) / Himachal Pradesh(State),00576900,012446,F,,,,
136,12586,Dhar Mangling (143),धार मंगलिंग (143),Spiti(Sub-District) / Lahaul And Spiti(District) / Himachal Pradesh(State),00590900,012586,F,,,,
137,12634,Dhar Manirang (171),धार मनीरंग (171),Spiti(Sub-District) / Lahaul And Spiti(District) / Himachal Pradesh(State),00595700,012634,F,,,,
138,12241,Dhar Mushghar (155),धार मुशगाहर (155),Udaipur(Sub-District) / Lahaul And Spiti(District) / Himachal Pradesh(State),00556400,012241,F,,,,
139,12452,Dhar Nijom (26),धार निजोम (26),Spiti(Sub-District) / Lahaul And Spiti(District) / Himachal Pradesh(State),00577500,012452,F,,,,
140,12448,Dhar Nima Demo (22),धार नीमा देमो (22),Spiti(Sub-District) / Lahaul And Spiti(District) / Himachal Pradesh(State),00577100,012448,F,,,,
141,12463,Dhar Nima Loksa (37),धार नीमा लोक्सा (37),Spiti(Sub-District) / Lahaul And Spiti(District) / Himachal Pradesh(State),00578600,012463,F,,,,
142,12599,Dhar Nipti (150),धार निप्ती (150),Spiti(Sub-District) / Lahaul And Spiti(District) / Himachal Pradesh(State),00592200,012599,F,,,,
143,12554,Dhar Noor (114),धार नूर (114),Spiti(Sub-District) / Lahaul And Spiti(District) / Himachal Pradesh(State),00587700,012554,F,,,,
144,12617,Dhar Nurbusamdo (161),धार नुरबू समदो (161),Spiti(Sub-District) / Lahaul And Spiti(District) / Himachal Pradesh(State),00594000,012617,F,,,,
145,12460,Dhar Pallamo (34),धार पललामो (34),Spiti(Sub-District) / Lahaul And Spiti(District) / Himachal Pradesh(State),00578300,012460,F,,,,
146,12657,Dhar Pang Korik (184),धार पंग कोरिक (184),Spiti(Sub-District) / Lahaul And Spiti(District) / Himachal Pradesh(State),00598000,012657,F,,,,
147,12468,Dhar Pangkyamo (41),धार पंगक्यामो (41),Spiti(Sub-District) / Lahaul And Spiti(District) / Himachal Pradesh(State),00579100,012468,F,,,,
148,12444,Dhar Pangmo (18),धार पांगमो (18),Spiti(Sub-District) / Lahaul And Spiti(District) / Himachal Pradesh(State),00576700,012444,F,,,,
149,12476,Dhar Pangmo (49),धार पांगमो (49),Spiti(Sub-District) / Lahaul And Spiti(District) / Himachal Pradesh(State),00579900,012476,F,,,,
150,12436,Dhar Pangri (10),धार पांगरी (10),Spiti(Sub-District) / Lahaul And Spiti(District) / Himachal Pradesh(State),00575900,012436,F,,,,
151,12616,Dhar Parang (160),धार पारंग (160),Spiti(Sub-District) / Lahaul And Spiti(District) / Himachal Pradesh(State),00593900,012616,F,,,,
152,12138,Dhar Parla Bhitar (181),धार परला भीतर (181),Udaipur(Sub-District) / Lahaul And Spiti(District) / Himachal Pradesh(State),00546100,012138,F,,,,
153,12483,Dhar Penyan (54),धार पेनयान (54),Spiti(Sub-District) / Lahaul And Spiti(District) / Himachal Pradesh(State),00580600,012483,F,,,,
154,12591,Dhar Phuwa (147),धार फुआ (147),Spiti(Sub-District) / Lahaul And Spiti(District) / Himachal Pradesh(State),00591400,012591,F,,,,
155,12571,Dhar Pilsur (129),धार पिलसूर (129),Spiti(Sub-District) / Lahaul And Spiti(District) / Himachal Pradesh(State),00589400,012571,F,,,,
156,12523,Dhar Pindo (86),धार पिन्दो (86),Spiti(Sub-District) / Lahaul And Spiti(District) / Himachal Pradesh(State),00584600,012523,F,,,,
157,12635,Dhar Pomarang (172),धार पोमारंग (172),Spiti(Sub-District) / Lahaul And Spiti(District) / Himachal Pradesh(State),00595800,012635,F,,,,
158,12548,Dhar Rajgawon (108),धार राजगांव (108),Spiti(Sub-District) / Lahaul And Spiti(District) / Himachal Pradesh(State),00587100,012548,F,,,,
159,12521,Dhar Ratang (84),धार राटंग (84),Spiti(Sub-District) / Lahaul And Spiti(District) / Himachal Pradesh(State),00584400,012521,F,,,,
160,12449,Dhar Relosar (23),धार रीलोसर (23),Spiti(Sub-District) / Lahaul And Spiti(District) / Himachal Pradesh(State),00577200,012449,F,,,,
161,12443,Dhar Richhso (17),धार रिछसो (17),Spiti(Sub-District) / Lahaul And Spiti(District) / Himachal Pradesh(State),00576600,012443,F,,,,
162,12427,Dhar Sajam (1),धार साजम (1),Spiti(Sub-District) / Lahaul And Spiti(District) / Himachal Pradesh(State),00575000,012427,F,,,,
163,12224,Dhar Salpat (154),धार सलपट (154),Udaipur(Sub-District) / Lahaul And Spiti(District) / Himachal Pradesh(State),00554700,012224,F,,,,
164,12440,Dhar Samarvo (14),धार सामरवो (14),Spiti(Sub-District) / Lahaul And Spiti(District) / Himachal Pradesh(State),00576300,012440,F,,,,
165,12567,Dhar Sarval (127),धार सरवल (127),Spiti(Sub-District) / Lahaul And Spiti(District) / Himachal Pradesh(State),00589000,012567,F,,,,
166,12578,Dhar Sechen (135),धार सेचेन (135),Spiti(Sub-District) / Lahaul And Spiti(District) / Himachal Pradesh(State),00590100,012578,F,,,,
167,12613,Dhar Sechen (157),धार सेचेन (157),Spiti(Sub-District) / Lahaul And Spiti(District) / Himachal Pradesh(State),00593600,012613,F,,,,
168,12228,Dhar Sehrun (146),धार सेहरूण (146),Udaipur(Sub-District) / Lahaul And Spiti(District) / Himachal Pradesh(State),00555100,012228,F,,,,
169,12174,Dhar Shugadu (169),धार शुगाडु (169),Udaipur(Sub-District) / Lahaul And Spiti(District) / Himachal Pradesh(State),00549700,012174,F,,,,
170,12580,Dhar Singsa (137),धार सिंगसा (137),Spiti(Sub-District) / Lahaul And Spiti(District) / Himachal Pradesh(State),00590300,012580,F,,,,
171,12462,Dhar Sitikhad (36),धार सिटीखड (36),Spiti(Sub-District) / Lahaul And Spiti(District) / Himachal Pradesh(State),00578500,012462,F,,,,
172,12472,Dhar Soksa (45),धार सोक्सा (45),Spiti(Sub-District) / Lahaul And Spiti(District) / Himachal Pradesh(State),00579500,012472,F,,,,
173,12558,Dhar Sonpat (118),धार सोनपट  (118),Spiti(Sub-District) / Lahaul And Spiti(District) / Himachal Pradesh(State),00588100,012558,F,,,,
174,12435,Dhar Spiti Sarchu (9),धार स्पिति सरचू (9),Spiti(Sub-District) / Lahaul And Spiti(District) / Himachal Pradesh(State),00575800,012435,F,,,,
175,12455,Dhar Sumdo (29),धार सुमदो (29),Spiti(Sub-District) / Lahaul And Spiti(District) / Himachal Pradesh(State),00577800,012455,F,,,,
176,12519,Dhar Sumling (82),धार सुमलिंग (82),Spiti(Sub-District) / Lahaul And Spiti(District) / Himachal Pradesh(State),00584200,012519,F,,,,
177,12615,Dhar Takling (159),धार तकलिंग (159),Spiti(Sub-District) / Lahaul And Spiti(District) / Himachal Pradesh(State),00593800,012615,F,,,,
178,12432,Dhar Taksan (6),धार टकसन (6),Spiti(Sub-District) / Lahaul And Spiti(District) / Himachal Pradesh(State),00575500,012432,F,,,,
179,12178,Dhar Taldar (148),धार तलदर (148),Udaipur(Sub-District) / Lahaul And Spiti(District) / Himachal Pradesh(State),00550100,012178,F,,,,
180,12180,Dhar Tali (115),धार टली (115),Udaipur(Sub-District) / Lahaul And Spiti(District) / Himachal Pradesh(State),00550300,012180,F,,,,
181,12474,Dhar Tamba Kur-Kur (47),धार टम्बा कुर कुर (47),Spiti(Sub-District) / Lahaul And Spiti(District) / Himachal Pradesh(State),00579700,012474,F,,,,
182,12162,Dhar Tamlu (171),धार तमलु (171),Udaipur(Sub-District) / Lahaul And Spiti(District) / Himachal Pradesh(State),00548500,012162,F,,,,
183,12458,Dhar Tanway (32),धार तनवे (32),Spiti(Sub-District) / Lahaul And Spiti(District) / Himachal Pradesh(State),00578100,012458,F,,,,
184,12565,Dhar Tarpak (125),धार तरपक (125),Spiti(Sub-District) / Lahaul And Spiti(District) / Himachal Pradesh(State),00588800,012565,F,,,,
185,12561,Dhar Tegbaldar (121),धार तेगबलदर (121),Spiti(Sub-District) / Lahaul And Spiti(District) / Himachal Pradesh(State),00588400,012561,F,,,,
186,12157,Dhar Tenti Gahar (208),धार टेन्टी गाहर (208),Udaipur(Sub-District) / Lahaul And Spiti(District) / Himachal Pradesh(State),00548000,012157,F,,,,
187,12461,Dhar Thacha Karpo (35),धार थाचा करपो (35),Spiti(Sub-District) / Lahaul And Spiti(District) / Himachal Pradesh(State),00578400,012461,F,,,,
188,12454,Dhar Thangne (28),धार थंगने (28),Spiti(Sub-District) / Lahaul And Spiti(District) / Himachal Pradesh(State),00577700,012454,F,,,,
189,12140,Dhar Than Patan (185),धार थान पटन (185),Udaipur(Sub-District) / Lahaul And Spiti(District) / Himachal Pradesh(State),00546300,012140,F,,,,
190,12551,Dhar Thhango (111),धार थांगो (111),Spiti(Sub-District) / Lahaul And Spiti(District) / Himachal Pradesh(State),00587400,012551,F,,,,
191,12442,Dhar Thochungari (16),धार थोचुंगरी (16),Spiti(Sub-District) / Lahaul And Spiti(District) / Himachal Pradesh(State),00576500,012442,F,,,,
192,12547,Dhar Tisang (107),धार तीसंग (107),Spiti(Sub-District) / Lahaul And Spiti(District) / Himachal Pradesh(State),00587000,012547,F,,,,
193,12550,Dhar Tokselungwa (110),धार टोकसेलुंगवा (110),Spiti(Sub-District) / Lahaul And Spiti(District) / Himachal Pradesh(State),00587300,012550,F,,,,
194,12579,Dhar Tukhand (136),धार तुखंड (136),Spiti(Sub-District) / Lahaul And Spiti(District) / Himachal Pradesh(State),00590200,012579,F,,,,
195,12518,Dhar Tumserisadoksa (81),धार तुमसेरीसाडोक्सा (81),Spiti(Sub-District) / Lahaul And Spiti(District) / Himachal Pradesh(State),00584100,012518,F,,,,
196,12524,Dhar Ula (87),धार उला (87),Spiti(Sub-District) / Lahaul And Spiti(District) / Himachal Pradesh(State),00584700,012524,F,,,,
197,12434,Dhar Upnang (8),धार उपनांग (8),Spiti(Sub-District) / Lahaul And Spiti(District) / Himachal Pradesh(State),00575700,012434,F,,,,
198,12456,Dhar Vitung Nakpo (30),धार वितुंग नकपो (30),Spiti(Sub-District) / Lahaul And Spiti(District) / Himachal Pradesh(State),00577900,012456,F,,,,
199,12490,Dhar Yakya (60),धार याक्या (60),Spiti(Sub-District) / Lahaul And Spiti(District) / Himachal Pradesh(State),00581300,012490,F,,,,
200,12581,Dharyansa (138),ऐन्सा (138),Spiti(Sub-District) / Lahaul And Spiti(District) / Himachal Pradesh(State),00590400,012581,F,,,,
201,12588,Dhul (145),दुल (145),Spiti(Sub-District) / Lahaul And Spiti(District) / Himachal Pradesh(State),00591100,012588,F,,,,
202,12487,Dhumle (57),दुमले (57),Spiti(Sub-District) / Lahaul And Spiti(District) / Himachal Pradesh(State),00581000,012487,F,,,,
203,12303,Dhwansha (4/5),ढवांशा (4/5),Lahul(Sub-District) / Lahaul And Spiti(District) / Himachal Pradesh(State),00562600,012303,F,,,,
204,12351,Dilbudh (7/14),दिलबुद (7/14),Lahul(Sub-District) / Lahaul And Spiti(District) / Himachal Pradesh(State),00567400,012351,F,,,,
205,12424,Dimphuk (14/9),डिम्फुक (14/9),Lahul(Sub-District) / Lahaul And Spiti(District) / Himachal Pradesh(State),00574700,012424,F,,,,
206,12329,Dipemadang (6/5),दिपेमाडंग (6/5),Lahul(Sub-District) / Lahaul And Spiti(District) / Himachal Pradesh(State),00565200,012329,F,,,,
207,12630,Doksa (167/4),डोकसा (167/4),Spiti(Sub-District) / Lahaul And Spiti(District) / Himachal Pradesh(State),00595300,012630,F,,,,
208,12182,D.P.F. Akhodu (113),डीपीएफ अखोडू (113),Udaipur(Sub-District) / Lahaul And Spiti(District) / Himachal Pradesh(State),00550500,012182,F,,,,
209,12221,D.P.F. Arat (165),डीपीएफ अडत (165),Udaipur(Sub-District) / Lahaul And Spiti(District) / Himachal Pradesh(State),00554400,012221,F,,,,
210,12235,D.P.F.Bardang (156),डीपीएफ बरदंग (156),Udaipur(Sub-District) / Lahaul And Spiti(District) / Himachal Pradesh(State),00555800,012235,F,,,,
211,12195,D.P.F. Barour (123),डीपीएफ बरोड (123),Udaipur(Sub-District) / Lahaul And Spiti(District) / Himachal Pradesh(State),00551800,012195,F,,,,
212,12190,D.P.F.Bhujund (108),डी.पी.एफ. भुजुण्ड (108),Udaipur(Sub-District) / Lahaul And Spiti(District) / Himachal Pradesh(State),00551300,012190,F,,,,
213,12247,D.P.F. Biyadi (220),डीपीएफ भियाडी (220),Udaipur(Sub-District) / Lahaul And Spiti(District) / Himachal Pradesh(State),00557000,012247,F,,,,
214,12153,D.P.F. Chhaling (190),डीपीएफ छालिंग (190),Udaipur(Sub-District) / Lahaul And Spiti(District) / Himachal Pradesh(State),00547600,012153,F,,,,
215,12189,D.P.F.Chhaned (110),डीपीएफ छनेड (110),Udaipur(Sub-District) / Lahaul And Spiti(District) / Himachal Pradesh(State),00551200,012189,F,,,,
216,12169,D.P.F. Chimrat (201),डीपीएफ चिमरट (201),Udaipur(Sub-District) / Lahaul And Spiti(District) / Himachal Pradesh(State),00549200,012169,F,,,,
217,12160,D.P.F.Churput (175),डीपीएफ चुरपुट (175),Udaipur(Sub-District) / Lahaul And Spiti(District) / Himachal Pradesh(State),00548300,012160,F,,,,
218,12183,D.P.F. Dhadel (112),डीपीएफ धडेल (112),Udaipur(Sub-District) / Lahaul And Spiti(District) / Himachal Pradesh(State),00550600,012183,F,,,,
219,12203,D.P.F.Dhanda (135),डीपीएफ ढान्डा (135),Udaipur(Sub-District) / Lahaul And Spiti(District) / Himachal Pradesh(State),00552600,012203,F,,,,
220,12165,D.P.F.Dibri (197),डीपीएफ डिबरी (197),Udaipur(Sub-District) / Lahaul And Spiti(District) / Himachal Pradesh(State),00548800,012165,F,,,,
221,12236,D.P.F. Fhatgahar (213),डीपीएफ फटगाहर (213),Udaipur(Sub-District) / Lahaul And Spiti(District) / Himachal Pradesh(State),00555900,012236,F,,,,
222,12248,D.P.F.Gilding (221),डीपीएफ गिलडिंग (221),Udaipur(Sub-District) / Lahaul And Spiti(District) / Himachal Pradesh(State),00557100,012248,F,,,,
223,12163,D.P.F. Gurdhar (172),डीपीएफ गुरधार (172),Udaipur(Sub-District) / Lahaul And Spiti(District) / Himachal Pradesh(State),00548600,012163,F,,,,
224,12206,D.P.F. Hadsar (134),डीपीएफ हडसर (134),Udaipur(Sub-District) / Lahaul And Spiti(District) / Himachal Pradesh(State),00552900,012206,F,,,,
225,12175,D.P.F.Hulega (167),डीपीएफ हुलेगा (167),Udaipur(Sub-District) / Lahaul And Spiti(District) / Himachal Pradesh(State),00549800,012175,F,,,,
226,12251,D.P.F.Jholing (222),डीपीएफ झोलिंग (222),Udaipur(Sub-District) / Lahaul And Spiti(District) / Himachal Pradesh(State),00557400,012251,F,,,,
227,12197,D.P.F.Kain (128),डीपीएफ केण (128),Udaipur(Sub-District) / Lahaul And Spiti(District) / Himachal Pradesh(State),00552000,012197,F,,,,
228,12159,D.P.F.Karpat (195),डीपीएफ  करपट (195),Udaipur(Sub-District) / Lahaul And Spiti(District) / Himachal Pradesh(State),00548200,012159,F,,,,
229,12152,D.P.F.Khanjar (187),डीपीएफ खंजर (187),Udaipur(Sub-District) / Lahaul And Spiti(District) / Himachal Pradesh(State),00547500,012152,F,,,,
230,12245,D.P.F.Khaprans (212),डीपीएफ खपरांस (212),Udaipur(Sub-District) / Lahaul And Spiti(District) / Himachal Pradesh(State),00556800,012245,F,,,,
231,12205,D.P.F.Kundel (131),डीपीएफ कुन्देल (131),Udaipur(Sub-District) / Lahaul And Spiti(District) / Himachal Pradesh(State),00552800,012205,F,,,,
232,12234,D.P.F. Lober (158),डीपीएफ लोबर (158),Udaipur(Sub-District) / Lahaul And Spiti(District) / Himachal Pradesh(State),00555700,012234,F,,,,
233,12201,D.P.F.Lohni (122),डीपीएफ लोहणी (122),Udaipur(Sub-District) / Lahaul And Spiti(District) / Himachal Pradesh(State),00552400,012201,F,,,,
234,12186,D.P.F. Runsani (118),डीपीएफ रूनसानी (118),Udaipur(Sub-District) / Lahaul And Spiti(District) / Himachal Pradesh(State),00550900,012186,F,,,,
235,12214,D.P.F. Salgran (144),डीपीएफ सलग्रां (144),Udaipur(Sub-District) / Lahaul And Spiti(District) / Himachal Pradesh(State),00553700,012214,F,,,,
236,12229,D.P.F. Sehrun (145),डीपीएफ सेहरूण (145),Udaipur(Sub-District) / Lahaul And Spiti(District) / Himachal Pradesh(State),00555200,012229,F,,,,
237,12171,D.P.F.Shakoli (168),डीपीएफ शकोली (168),Udaipur(Sub-District) / Lahaul And Spiti(District) / Himachal Pradesh(State),00549400,012171,F,,,,
238,12167,D.P.F. Sheling (198),डीपीएफ शेलिंग (198),Udaipur(Sub-District) / Lahaul And Spiti(District) / Himachal Pradesh(State),00549000,012167,F,,,,
239,12252,D.P.F. Sindwadi (210),डीपीएफ सिंदवाडी (210),Udaipur(Sub-District) / Lahaul And Spiti(District) / Himachal Pradesh(State),00557500,012252,F,,,,
240,12185,D.P.F. Tali (116),डीपीएफ टली (116),Udaipur(Sub-District) / Lahaul And Spiti(District) / Himachal Pradesh(State),00550800,012185,F,,,,
241,12166,D.P.F.Tamlu (170),डीपीएफ तमलु (170),Udaipur(Sub-District) / Lahaul And Spiti(District) / Himachal Pradesh(State),00548900,012166,F,,,,
242,12192,D.P.F. Tentu (119),डीपीएफ टेन्टू (119),Udaipur(Sub-District) / Lahaul And Spiti(District) / Himachal Pradesh(State),00551500,012192,F,,,,
243,12149,D.P.F.Thani (178),डीपीएफ ठाणी (178),Udaipur(Sub-District) / Lahaul And Spiti(District) / Himachal Pradesh(State),00547200,012149,F,,,,
244,12210,D.P.F. Thanvani (137),डीपीएफ थनवानी (137),Udaipur(Sub-District) / Lahaul And Spiti(District) / Himachal Pradesh(State),00553300,012210,F,,,,
245,12181,D.P.F.Thuthiyala (114),डीपीएफ ठूठियाला (114),Udaipur(Sub-District) / Lahaul And Spiti(District) / Himachal Pradesh(State),00550400,012181,F,,,,
246,12240,D.P.F.Triloknath (217),डीपीएफ त्रिलोकनाथ (217),Udaipur(Sub-District) / Lahaul And Spiti(District) / Himachal Pradesh(State),00556300,012240,F,,,,
247,12176,D.P.F.Tumru (203),डीपीएफ टुमरू (203),Udaipur(Sub-District) / Lahaul And Spiti(District) / Himachal Pradesh(State),00549900,012176,F,,,,
248,12233,D.P.F.Udaipur (161),डीपीएफ उदयपुर (161),Udaipur(Sub-District) / Lahaul And Spiti(District) / Himachal Pradesh(State),00555600,012233,F,,,,
249,12147,D.P.F. Udgose (177),डीपीएफ उडगोस (177),Udaipur(Sub-District) / Lahaul And Spiti(District) / Himachal Pradesh(State),00547000,012147,F,,,,
250,12155,D.P.F. Uwang (192),डीपीएफ उवांग (192),Udaipur(Sub-District) / Lahaul And Spiti(District) / Himachal Pradesh(State),00547800,012155,F,,,,
251,12645,Dufuk (177/2),डुफुक (177/2),Spiti(Sub-District) / Lahaul And Spiti(District) / Himachal Pradesh(State),00596800,012645,F,,,,
252,12620,Fanve (163/2),फनवे (163/2),Spiti(Sub-District) / Lahaul And Spiti(District) / Himachal Pradesh(State),00594300,012620,F,,,,
253,12569,Farka (128/2),फरका (128/2),Spiti(Sub-District) / Lahaul And Spiti(District) / Himachal Pradesh(State),00589200,012569,F,,,,
254,12623,Fifuk Dogri (163/5),फीफुक डोगरी (163/5),Spiti(Sub-District) / Lahaul And Spiti(District) / Himachal Pradesh(State),00594600,012623,F,,,,
255,12582,Fika (139),फीका (139),Spiti(Sub-District) / Lahaul And Spiti(District) / Himachal Pradesh(State),00590500,012582,F,,,,
256,12536,Fukchung (99),फुकचुंग (99),Spiti(Sub-District) / Lahaul And Spiti(District) / Himachal Pradesh(State),00585900,012536,F,,,,
257,12389,Fukthal (12/4),फुक्थल (12/4),Lahul(Sub-District) / Lahaul And Spiti(District) / Himachal Pradesh(State),00571200,012389,F,,,,
258,12275,Galing (1/23),गालिंग (1/23),Udaipur(Sub-District) / Lahaul And Spiti(District) / Himachal Pradesh(State),00559800,012275,F,,,,
259,12608,Gangdo Demul (155/2),गंगदो डेमुल (155/2),Spiti(Sub-District) / Lahaul And Spiti(District) / Himachal Pradesh(State),00593100,012608,F,,,,
260,12258,Gawadi (1/2),गवाडी (1/2),Udaipur(Sub-District) / Lahaul And Spiti(District) / Himachal Pradesh(State),00558100,012258,F,,,,
261,12370,Gemur (8/7),गेमूर (8/7),Lahul(Sub-District) / Lahaul And Spiti(District) / Himachal Pradesh(State),00569300,012370,F,,,,
262,12358,Gemurgompa (8/6),गेमूरगोम्पा (8/6),Lahul(Sub-District) / Lahaul And Spiti(District) / Himachal Pradesh(State),00568100,012358,F,,,,
263,12494,Gete (62/2),गेते (62/2),Spiti(Sub-District) / Lahaul And Spiti(District) / Himachal Pradesh(State),00581700,012494,F,,,,
264,12649,Geu (180/1),गियू (180/1),Spiti(Sub-District) / Lahaul And Spiti(District) / Himachal Pradesh(State),00597200,012649,F,,,,
265,12293,Ghambadi (2/4),घमबाडी (2/4),Lahul(Sub-District) / Lahaul And Spiti(District) / Himachal Pradesh(State),00561600,012293,F,,,,
266,12172,Ghari (204),घारी (204),Udaipur(Sub-District) / Lahaul And Spiti(District) / Himachal Pradesh(State),00549500,012172,F,,,,
267,12290,Goharma (3/4),गोहरमा (3/4),Lahul(Sub-District) / Lahaul And Spiti(District) / Himachal Pradesh(State),00561300,012290,F,,,,
268,12406,Gompathang (13/4),गोम्पाथंग (13/4),Lahul(Sub-District) / Lahaul And Spiti(District) / Himachal Pradesh(State),00572900,012406,F,,,,
269,12390,Gondhla (12/3),गोंदला (12/3),Lahul(Sub-District) / Lahaul And Spiti(District) / Himachal Pradesh(State),00571300,012390,F,,,,
270,12333,Goushal (11/1),गौशाल (11/1),Lahul(Sub-District) / Lahaul And Spiti(District) / Himachal Pradesh(State),00565600,012333,F,,,,
271,12341,Grimus (7/5),ग्रीमस (7/5),Lahul(Sub-District) / Lahaul And Spiti(District) / Himachal Pradesh(State),00566400,012341,F,,,,
272,12528,Gulling (91),गूलिंग (91),Spiti(Sub-District) / Lahaul And Spiti(District) / Himachal Pradesh(State),00585100,012528,F,,,,
273,12377,Gumling (7/8),गुमलिंग (7/8),Lahul(Sub-District) / Lahaul And Spiti(District) / Himachal Pradesh(State),00570000,012377,F,,,,
274,12344,Gumrang (7/4),गुमरंग (7/4),Lahul(Sub-District) / Lahaul And Spiti(District) / Himachal Pradesh(State),00566700,012344,F,,,,
275,12342,Guskyar (7/6),गुस्क्यार (7/6),Lahul(Sub-District) / Lahaul And Spiti(District) / Himachal Pradesh(State),00566500,012342,F,,,,
276,12382,Gwazang (10/1),ग्वाजंग (10/1),Lahul(Sub-District) / Lahaul And Spiti(District) / Himachal Pradesh(State),00570500,012382,F,,,,
277,12207,Hadsar (132),हडसर (132),Udaipur(Sub-District) / Lahaul And Spiti(District) / Himachal Pradesh(State),00553000,012207,F,,,,
278,12238,Haduka (214),हडुका (214),Udaipur(Sub-District) / Lahaul And Spiti(District) / Himachal Pradesh(State),00556100,012238,F,,,,
279,12471,Hansa (44),हन्सा (44),Spiti(Sub-District) / Lahaul And Spiti(District) / Himachal Pradesh(State),00579400,012471,F,,,,
280,12575,Haronaro (132),हारोनारो (132),Spiti(Sub-District) / Lahaul And Spiti(District) / Himachal Pradesh(State),00589800,012575,F,,,,
281,12652,Hichechhe (180/4),हीछेछे (180/4),Spiti(Sub-District) / Lahaul And Spiti(District) / Himachal Pradesh(State),00597500,012652,F,,,,
282,12500,Hikkam (68),हिक्कम (68),Spiti(Sub-District) / Lahaul And Spiti(District) / Himachal Pradesh(State),00582300,012500,F,,,,
283,12478,Hull (51),हल (51),Spiti(Sub-District) / Lahaul And Spiti(District) / Himachal Pradesh(State),00580100,012478,F,,,,
284,12653,Hurling (181),हुरलिंग (181),Spiti(Sub-District) / Lahaul And Spiti(District) / Himachal Pradesh(State),00597600,012653,F,,,,
285,12408,Jagdang (13/6),जगदंग (13/6),Lahul(Sub-District) / Lahaul And Spiti(District) / Himachal Pradesh(State),00573100,012408,F,,,,
286,12397,Jagla (12/11),जगला (12/11),Lahul(Sub-District) / Lahaul And Spiti(District) / Himachal Pradesh(State),00572000,012397,F,,,,
287,12284,Jahalman (1/31),जहालमा (1/31),Udaipur(Sub-District) / Lahaul And Spiti(District) / Himachal Pradesh(State),00560700,012284,F,,,,
288,12416,Jamyaling (14/6),जमयालिंग (14/6),Lahul(Sub-District) / Lahaul And Spiti(District) / Himachal Pradesh(State),00573900,012416,F,,,,
289,12283,Jasrath (1/22),जसरथ (1/22),Udaipur(Sub-District) / Lahaul And Spiti(District) / Himachal Pradesh(State),00560600,012283,F,,,,
290,12254,Jholing (223),झोलिंग (223),Udaipur(Sub-District) / Lahaul And Spiti(District) / Himachal Pradesh(State),00557700,012254,F,,,,
291,12359,Jispa (8/9),जिस्पा (8/9),Lahul(Sub-District) / Lahaul And Spiti(District) / Himachal Pradesh(State),00568200,012359,F,,,,
292,12291,Jobrang (2/1),जोबरंग (2/1),Lahul(Sub-District) / Lahaul And Spiti(District) / Himachal Pradesh(State),00561400,012291,F,,,,
293,12350,Joling (9/7),जोलिंग (9/7),Lahul(Sub-District) / Lahaul And Spiti(District) / Himachal Pradesh(State),00567300,012350,F,,,,
294,12480,Jugmothang (52/2),जुगमोथंग (52/2),Spiti(Sub-District) / Lahaul And Spiti(District) / Himachal Pradesh(State),00580300,012480,F,,,,
295,12276,Junda (1/24),जुन्डा (1/24),Udaipur(Sub-District) / Lahaul And Spiti(District) / Himachal Pradesh(State),00559900,012276,F,,,,
296,12405,Jungling (13/2),जुंगलिंग (13/2),Lahul(Sub-District) / Lahaul And Spiti(District) / Himachal Pradesh(State),00572800,012405,F,,,,
297,12537,Ka (100),काह (100),Spiti(Sub-District) / Lahaul And Spiti(District) / Himachal Pradesh(State),00586000,012537,F,,,,
298,12504,Kakti (70/3),ककती (70/3),Spiti(Sub-District) / Lahaul And Spiti(District) / Himachal Pradesh(State),00582700,012504,F,,,,
299,12628,Kaley (167/2),काले (167/2),Spiti(Sub-District) / Lahaul And Spiti(District) / Himachal Pradesh(State),00595100,012628,F,,,,
300,12260,Kamri (1/6),कमरी (1/6),Udaipur(Sub-District) / Lahaul And Spiti(District) / Himachal Pradesh(State),00558300,012260,F,,,,
301,12398,Kangcha (12/12),कंगचा (12/12),Lahul(Sub-District) / Lahaul And Spiti(District) / Himachal Pradesh(State),00572100,012398,F,,,,
302,12381,Kardang (10/2),कारदंग (10/2),Lahul(Sub-District) / Lahaul And Spiti(District) / Himachal Pradesh(State),00570400,012381,F,,,,
303,12313,Karing (5/5),कारिंग (5/5),Lahul(Sub-District) / Lahaul And Spiti(District) / Himachal Pradesh(State),00563600,012313,F,,,,
304,12164,Karpat (196),करपट (196),Udaipur(Sub-District) / Lahaul And Spiti(District) / Himachal Pradesh(State),00548700,012164,F,,,,
305,12411,Kathal (13/11),काथल (13/11),Lahul(Sub-District) / Lahaul And Spiti(District) / Himachal Pradesh(State),00573400,012411,F,,,,
306,12352,Kawaring (7/15),क्वारिंग (7/15),Lahul(Sub-District) / Lahaul And Spiti(District) / Himachal Pradesh(State),00567500,012352,F,,,,
307,12502,Kaza Khas (70/1),काजा खास (70/1),Spiti(Sub-District) / Lahaul And Spiti(District) / Himachal Pradesh(State),00582500,012502,F,,,,
308,12503,Kaza Soma (70/2),काजा सोमा (70/2),Spiti(Sub-District) / Lahaul And Spiti(District) / Himachal Pradesh(State),00582600,012503,F,,,,
309,12493,Keeh (62/1),कीह (62/1),Spiti(Sub-District) / Lahaul And Spiti(District) / Himachal Pradesh(State),00581600,012493,F,,,,
310,12414,Kewak (13/12),केवक (13/12),Lahul(Sub-District) / Lahaul And Spiti(District) / Himachal Pradesh(State),00573700,012414,F,,,,
311,12354,Keylad (8/3),केलद (8/3),Lahul(Sub-District) / Lahaul And Spiti(District) / Himachal Pradesh(State),00567700,012354,F,,,,
312,12338,Keylong (7/2),केलंग (7/2),Lahul(Sub-District) / Lahaul And Spiti(District) / Himachal Pradesh(State),00566100,012338,F,,,,
313,12394,Khangsar (12/8),खंगसर (12/8),Lahul(Sub-District) / Lahaul And Spiti(District) / Himachal Pradesh(State),00571700,012394,F,,,,
314,12404,Khangsar (13/3),खंगसर (13/3),Lahul(Sub-District) / Lahaul And Spiti(District) / Himachal Pradesh(State),00572700,012404,F,,,,
315,12355,Khangsar (8/4),खंगसर (8/4),Lahul(Sub-District) / Lahaul And Spiti(District) / Himachal Pradesh(State),00567800,012355,F,,,,
316,12150,Khanjar (186),खंजर (186),Udaipur(Sub-District) / Lahaul And Spiti(District) / Himachal Pradesh(State),00547300,012150,F,,,,
317,12585,Khar (142),खर (142),Spiti(Sub-District) / Lahaul And Spiti(District) / Himachal Pradesh(State),00590800,012585,F,,,,
318,12421,Kharchotkogma (14/4),खरचोतकोगमा (14/4),Lahul(Sub-District) / Lahaul And Spiti(District) / Himachal Pradesh(State),00574400,012421,F,,,,
319,12422,Kharchotyogma (14/5),खरचोतयोगमा (14/5),Lahul(Sub-District) / Lahaul And Spiti(District) / Himachal Pradesh(State),00574500,012422,F,,,,
320,12277,Kharoti (1/20),खरोटी (1/20),Udaipur(Sub-District) / Lahaul And Spiti(District) / Himachal Pradesh(State),00560000,012277,F,,,,
321,12392,Khinang (12/7),खिनंग (12/7),Lahul(Sub-District) / Lahaul And Spiti(District) / Himachal Pradesh(State),00571500,012392,F,,,,
322,12401,Khorpani (12/15),खोरपानी (12/15),Lahul(Sub-District) / Lahaul And Spiti(District) / Himachal Pradesh(State),00572400,012401,F,,,,
323,12515,Khurik (78),खुरिक (78),Spiti(Sub-District) / Lahaul And Spiti(District) / Himachal Pradesh(State),00583800,012515,F,,,,
324,12409,Khwagling (13/7),ख्वागलिंग (13/7),Lahul(Sub-District) / Lahaul And Spiti(District) / Himachal Pradesh(State),00573200,012409,F,,,,
325,12491,Kibber Khas (61/1),किब्बर खास (61/1),Spiti(Sub-District) / Lahaul And Spiti(District) / Himachal Pradesh(State),00581400,012491,F,,,,
326,12621,Kibri (163/3),किबरी (163/3),Spiti(Sub-District) / Lahaul And Spiti(District) / Himachal Pradesh(State),00594400,012621,F,,,,
327,12570,Kilmur (128/3),किल्मूर (128/3),Spiti(Sub-District) / Lahaul And Spiti(District) / Himachal Pradesh(State),00589300,012570,F,,,,
328,12297,Kirkircha (4/4),किरकिरचा (4/4),Lahul(Sub-District) / Lahaul And Spiti(District) / Himachal Pradesh(State),00562000,012297,F,,,,
329,12301,Kirting (4/7),किरतिंग (4/7),Lahul(Sub-District) / Lahaul And Spiti(District) / Himachal Pradesh(State),00562400,012301,F,,,,
330,12243,Kishori (215),किशोरी (215),Udaipur(Sub-District) / Lahaul And Spiti(District) / Himachal Pradesh(State),00556600,012243,F,,,,
331,12425,Koksar (14/10),कोकसर (14/10),Lahul(Sub-District) / Lahaul And Spiti(District) / Himachal Pradesh(State),00574800,012425,F,,,,
332,12353,Kolong (8/2),कोलोंग (8/2),Lahul(Sub-District) / Lahaul And Spiti(District) / Himachal Pradesh(State),00567600,012353,F,,,,
333,12501,Komik (69),कोमिक (69),Spiti(Sub-District) / Lahaul And Spiti(District) / Himachal Pradesh(State),00582400,012501,F,,,,
334,12532,Kong Kong (95),कोंग-कोंग (95),Spiti(Sub-District) / Lahaul And Spiti(District) / Himachal Pradesh(State),00585500,012532,F,,,,
335,12655,Korik (183/1),कोरिक (183/1),Spiti(Sub-District) / Lahaul And Spiti(District) / Himachal Pradesh(State),00597800,012655,F,,,,
336,12288,Kothi (3/2),कोठी (3/2),Lahul(Sub-District) / Lahaul And Spiti(District) / Himachal Pradesh(State),00561100,012288,F,,,,
337,12321,Krozing (6/1),क्रोजिंग (6/1),Lahul(Sub-District) / Lahaul And Spiti(District) / Himachal Pradesh(State),00564400,012321,F,,,,
338,12651,Kun (180/3),कुन (180/3),Spiti(Sub-District) / Lahaul And Spiti(District) / Himachal Pradesh(State),00597400,012651,F,,,,
339,12606,Kunge (154),कुन्गे (154),Spiti(Sub-District) / Lahaul And Spiti(District) / Himachal Pradesh(State),00592900,012606,F,,,,
340,12534,Kungri (97),कुंगरी (97),Spiti(Sub-District) / Lahaul And Spiti(District) / Himachal Pradesh(State),00585700,012534,F,,,,
341,12213,Kurched (140),कुरचेड (140),Udaipur(Sub-District) / Lahaul And Spiti(District) / Himachal Pradesh(State),00553600,012213,F,,,,
342,12269,Kwang (1/15),कवांग (1/15),Udaipur(Sub-District) / Lahaul And Spiti(District) / Himachal Pradesh(State),00559200,012269,F,,,,
343,12511,Kwang Khas(76/1),कवांग खास (76/1),Spiti(Sub-District) / Lahaul And Spiti(District) / Himachal Pradesh(State),00583400,012511,F,eSignGOFile662648_19_02_2025_15_13_47.pdf,,,
344,12469,Kyamo (42),क्यामों (42),Spiti(Sub-District) / Lahaul And Spiti(District) / Himachal Pradesh(State),00579200,012469,F,,,,
345,12473,Kyato (46),क्याटो (46),Spiti(Sub-District) / Lahaul And Spiti(District) / Himachal Pradesh(State),00579600,012473,F,,,,
346,12346,Kyor (7/10),क्योर (7/10),Lahul(Sub-District) / Lahaul And Spiti(District) / Himachal Pradesh(State),00566900,012346,F,,,,
347,12509,Kyuling (74),क्यूलिंग (74),Spiti(Sub-District) / Lahaul And Spiti(District) / Himachal Pradesh(State),00583200,012509,F,,,,
348,12639,Kyurith (173/4),क्यूरिथ (173/4),Spiti(Sub-District) / Lahaul And Spiti(District) / Himachal Pradesh(State),00596200,012639,F,,,,
349,12412,Labrang (13/9),लबरंग (13/9),Lahul(Sub-District) / Lahaul And Spiti(District) / Himachal Pradesh(State),00573500,012412,F,,,,
350,12486,Ladarcha (56/2),लादरचा (56/2),Spiti(Sub-District) / Lahaul And Spiti(District) / Himachal Pradesh(State),00580900,012486,F,,,,
351,12420,Laling (14/7),लालिंग (14/7),Lahul(Sub-District) / Lahaul And Spiti(District) / Himachal Pradesh(State),00574300,012420,F,,,,
352,12619,Lalung Khas (163/1),लालुंग खास (163/1),Spiti(Sub-District) / Lahaul And Spiti(District) / Himachal Pradesh(State),00594200,012619,F,,,,
353,12626,Landupdhin (166),लन्डुपदीन (166),Spiti(Sub-District) / Lahaul And Spiti(District) / Himachal Pradesh(State),00594900,012626,F,,,,
354,12498,Langja (66),लांगजा (66),Spiti(Sub-District) / Lahaul And Spiti(District) / Himachal Pradesh(State),00582100,012498,F,,,,
355,12641,Lapcha (174/2),लापचा (174/2),Spiti(Sub-District) / Lahaul And Spiti(District) / Himachal Pradesh(State),00596400,012641,F,,,,
356,12378,Lapchang (9/3),लपचंग (9/3),Lahul(Sub-District) / Lahaul And Spiti(District) / Himachal Pradesh(State),00570100,012378,F,,,,
357,12315,Lapshak (5/6),लपशक (5/6),Lahul(Sub-District) / Lahaul And Spiti(District) / Himachal Pradesh(State),00563800,012315,F,,,,
358,12629,Lar (167/3),लार (167/3),Spiti(Sub-District) / Lahaul And Spiti(District) / Himachal Pradesh(State),00595200,012629,F,,,,
359,12466,Lara Khas (40/1),लोसर खास (40/1),Spiti(Sub-District) / Lahaul And Spiti(District) / Himachal Pradesh(State),00578900,012466,F,,,,
360,12505,Lara Khas (71/1),लारा खास (71/1),Spiti(Sub-District) / Lahaul And Spiti(District) / Himachal Pradesh(State),00582800,012505,F,,,,
361,12644,Lari (177/1),लरी (177/1),Spiti(Sub-District) / Lahaul And Spiti(District) / Himachal Pradesh(State),00596700,012644,F,,,,
362,12266,Le-Baring (1/14),ले-बारिंग (1/14),Udaipur(Sub-District) / Lahaul And Spiti(District) / Himachal Pradesh(State),00558900,012266,F,,,,
363,12272,Le-Chevar (1/18),ले-चेवर (1/18),Udaipur(Sub-District) / Lahaul And Spiti(District) / Himachal Pradesh(State),00559500,012272,F,,,,
364,12327,Le-Gadang (6/3),ले-गाडंग (6/3),Lahul(Sub-District) / Lahaul And Spiti(District) / Himachal Pradesh(State),00565000,012327,F,,,,
365,12334,Le-Sumnam (6/12),ले-सुमनम (6/12),Lahul(Sub-District) / Lahaul And Spiti(District) / Himachal Pradesh(State),00565700,012334,F,,,,
366,12507,Lidhang (72),लिदांग (72),Spiti(Sub-District) / Lahaul And Spiti(District) / Himachal Pradesh(State),00583000,012507,F,,,,
367,12287,Lindoor (3/1),लिंडूर (3/1),Lahul(Sub-District) / Lahaul And Spiti(District) / Himachal Pradesh(State),00561000,012287,F,,,,
368,12264,Lingcha (1/10),लिंगचा (1/10),Udaipur(Sub-District) / Lahaul And Spiti(District) / Himachal Pradesh(State),00558700,012264,F,,,,
369,12307,Linger (2/6),लिंगर (2/6),Lahul(Sub-District) / Lahaul And Spiti(District) / Himachal Pradesh(State),00563000,012307,F,,,,
370,12604,Lingti (152/2),लिंगती (152/2),Spiti(Sub-District) / Lahaul And Spiti(District) / Himachal Pradesh(State),00592700,012604,F,,,,
371,12365,Linqium (8/16),लिंक्युम (8/16),Lahul(Sub-District) / Lahaul And Spiti(District) / Himachal Pradesh(State),00568800,012365,F,,,,
372,12650,Lirit (180/2),लिरित (180/2),Spiti(Sub-District) / Lahaul And Spiti(District) / Himachal Pradesh(State),00597300,012650,F,,,,
373,12278,Lomch (1/27),लोमच (1/27),Udaipur(Sub-District) / Lahaul And Spiti(District) / Himachal Pradesh(State),00560100,012278,F,,,,
374,12311,Lote (5/4),लोट (5/4),Lahul(Sub-District) / Lahaul And Spiti(District) / Himachal Pradesh(State),00563400,012311,F,,,,
375,12222,Madgran (164),मडग्रां (164),Udaipur(Sub-District) / Lahaul And Spiti(District) / Himachal Pradesh(State),00554500,012222,F,,,,
376,12323,Malang (6/2),मालंग (6/2),Lahul(Sub-District) / Lahaul And Spiti(District) / Himachal Pradesh(State),00564600,012323,F,,,,
377,12632,Mane Kongma (169),माने कोंगमा (169),Spiti(Sub-District) / Lahaul And Spiti(District) / Himachal Pradesh(State),00595500,012632,F,,,,
378,12627,Mane Yogma (167/1),माने योगमा (167/1),Spiti(Sub-District) / Lahaul And Spiti(District) / Himachal Pradesh(State),00595000,012627,F,,,,
379,12360,Mangsing (8/13),मंगसिंग (8/13),Lahul(Sub-District) / Lahaul And Spiti(District) / Himachal Pradesh(State),00568300,012360,F,,,,
380,12345,Mangun (7/9),मंगून (7/9),Lahul(Sub-District) / Lahaul And Spiti(District) / Himachal Pradesh(State),00566800,012345,F,,,,
381,12324,Marbal (5/13),मरबल (5/13),Lahul(Sub-District) / Lahaul And Spiti(District) / Himachal Pradesh(State),00564700,012324,F,,,,
382,12513,Margo Rangrik (77/1),मारगो रंगरीक (77/1),Spiti(Sub-District) / Lahaul And Spiti(District) / Himachal Pradesh(State),00583600,012513,F,,,,
383,12356,Meh (8/5),मेह (8/5),Lahul(Sub-District) / Lahaul And Spiti(District) / Himachal Pradesh(State),00567900,012356,F,,,,
384,12299,Melbak (4/2),मेलबक (4/2),Lahul(Sub-District) / Lahaul And Spiti(District) / Himachal Pradesh(State),00562200,012299,F,,,,
385,12306,Meling (4/10),मेलिंग (4/10),Lahul(Sub-District) / Lahaul And Spiti(District) / Himachal Pradesh(State),00562900,012306,F,,,,
386,12535,Mikkim (98),मिक्किम (98),Spiti(Sub-District) / Lahaul And Spiti(District) / Himachal Pradesh(State),00585800,012535,F,,,,
387,12538,Minsar (101),मिन्सर (101),Spiti(Sub-District) / Lahaul And Spiti(District) / Himachal Pradesh(State),00586100,012538,F,,,,
388,12385,Mooling (11/5),मूलिंग (11/5),Lahul(Sub-District) / Lahaul And Spiti(District) / Himachal Pradesh(State),00570800,012385,F,,,,
389,12262,Mooring (1/8),मूरिंग (1/8),Udaipur(Sub-District) / Lahaul And Spiti(District) / Himachal Pradesh(State),00558500,012262,F,,,,
390,12517,Morang (80),मोरंग (80),Spiti(Sub-District) / Lahaul And Spiti(District) / Himachal Pradesh(State),00584000,012517,F,,,,
391,12310,Muchhling (5/2),मुछलिंग (5/2),Lahul(Sub-District) / Lahaul And Spiti(District) / Himachal Pradesh(State),00563300,012310,F,,,,
392,12568,Mudh (128/1),मुद (128/1),Spiti(Sub-District) / Lahaul And Spiti(District) / Himachal Pradesh(State),00589100,012568,F,,,,
393,12609,Mulche (155/3),मूलचे (155/3),Spiti(Sub-District) / Lahaul And Spiti(District) / Himachal Pradesh(State),00593200,012609,F,,,,
394,12399,Murti (12/13),मुरती (12/13),Lahul(Sub-District) / Lahaul And Spiti(District) / Himachal Pradesh(State),00572200,012399,F,,,,
395,12259,Nain Gahar (1/1),नेनगाहर (1/1),Udaipur(Sub-District) / Lahaul And Spiti(District) / Himachal Pradesh(State),00558200,012259,F,,,,
396,12274,Nalda (1/21),नालडा (1/21),Udaipur(Sub-District) / Lahaul And Spiti(District) / Himachal Pradesh(State),00559700,012274,F,,,,
397,12512,Neked (76/2),नेकिद (76/2),Spiti(Sub-District) / Lahaul And Spiti(District) / Himachal Pradesh(State),00583500,012512,F,,,,
398,12638,Nidang (173/3),निदांग (173/3),Spiti(Sub-District) / Lahaul And Spiti(District) / Himachal Pradesh(State),00596100,012638,F,,,,
399,12328,Nupemadang (6/4),नूपेमाडंग (6/4),Lahul(Sub-District) / Lahaul And Spiti(District) / Himachal Pradesh(State),00565100,012328,F,,,,
400,12597,Nyurpur (149/5),न्युरपूर (149/5),Spiti(Sub-District) / Lahaul And Spiti(District) / Himachal Pradesh(State),00592000,012597,F,,,,
401,12244,Ohad (207),अहड (207),Udaipur(Sub-District) / Lahaul And Spiti(District) / Himachal Pradesh(State),00556700,012244,F,,,,
402,12280,Othang (1/29),ओथंग (1/29),Udaipur(Sub-District) / Lahaul And Spiti(District) / Himachal Pradesh(State),00560300,012280,F,,,,
403,12298,Padak (4/1),पडाक (4/1),Lahul(Sub-District) / Lahaul And Spiti(District) / Himachal Pradesh(State),00562100,012298,F,,,,
404,12479,Pangmo Khas (52/1),पांगमो खास (52/1),Spiti(Sub-District) / Lahaul And Spiti(District) / Himachal Pradesh(State),00580200,012479,F,,,,
405,12339,Parandass (6/7),परनदास (6/7),Lahul(Sub-District) / Lahaul And Spiti(District) / Himachal Pradesh(State),00566200,012339,F,,,,
406,12373,Peukar (9/8),प्यूकर (9/8),Lahul(Sub-District) / Lahaul And Spiti(District) / Himachal Pradesh(State),00569600,012373,F,,,,
407,12286,Phuda (1/32),फूडा (1/32),Udaipur(Sub-District) / Lahaul And Spiti(District) / Himachal Pradesh(State),00560900,012286,F,,,,
408,12330,Phunkyar (6/9),फुन्क्यार (6/9),Lahul(Sub-District) / Lahaul And Spiti(District) / Himachal Pradesh(State),00565300,012330,F,,,,
409,12573,Pilsur (130/2),पिलसूर (130/2),Spiti(Sub-District) / Lahaul And Spiti(District) / Himachal Pradesh(State),00589600,012573,F,,,,
410,12492,Pinjur (61/2),पिन्जूर (61/2),Spiti(Sub-District) / Lahaul And Spiti(District) / Himachal Pradesh(State),00581500,012492,F,,,,
411,12631,Piyuche (168),प्युचे (168),Spiti(Sub-District) / Lahaul And Spiti(District) / Himachal Pradesh(State),00595400,012631,F,,,,
412,12636,Poh (173/1),पोह (173/1),Spiti(Sub-District) / Lahaul And Spiti(District) / Himachal Pradesh(State),00595900,012636,F,,,,
413,12539,Polole (102),पोलेले (102),Spiti(Sub-District) / Lahaul And Spiti(District) / Himachal Pradesh(State),00586200,012539,F,,,,
414,12637,Pomarang (173/2),पोमारंग (173/2),Spiti(Sub-District) / Lahaul And Spiti(District) / Himachal Pradesh(State),00596000,012637,F,,,,
415,12379,Prasprak (9/2),प्रसप्राक (9/2),Lahul(Sub-District) / Lahaul And Spiti(District) / Himachal Pradesh(State),00570200,012379,F,,,,
416,12393,Purad (12/6),पुरद (12/6),Lahul(Sub-District) / Lahaul And Spiti(District) / Himachal Pradesh(State),00571600,012393,F,,,,
417,12542,Rajgawon (105),राजगांव (105),Spiti(Sub-District) / Lahaul And Spiti(District) / Himachal Pradesh(State),00586500,012542,F,,,,
418,12400,Raling (12/14),रालिंग (12/14),Lahul(Sub-District) / Lahaul And Spiti(District) / Himachal Pradesh(State),00572300,012400,F,,,,
419,12600,Rama Khas (151/1),रामा खास (151/1),Spiti(Sub-District) / Lahaul And Spiti(District) / Himachal Pradesh(State),00592300,012600,F,,,,
420,12419,Rangcha (14/2),रंगचा (14/2),Lahul(Sub-District) / Lahaul And Spiti(District) / Himachal Pradesh(State),00574200,012419,F,,,,
421,12316,Rangway (5/8),रंगबे (5/8),Lahul(Sub-District) / Lahaul And Spiti(District) / Himachal Pradesh(State),00563900,012316,F,,,,
422,12363,Rangyo (8/14),रंगयो (8/14),Lahul(Sub-District) / Lahaul And Spiti(District) / Himachal Pradesh(State),00568600,012363,F,,,,
423,12289,Rapding (3/3),रपडिंग (3/3),Lahul(Sub-District) / Lahaul And Spiti(District) / Himachal Pradesh(State),00561200,012289,F,,,,
424,12294,Rapey (2/2),रापे (2/2),Lahul(Sub-District) / Lahaul And Spiti(District) / Himachal Pradesh(State),00561700,012294,F,,,,
425,12362,Rarik (8/12),रारिक (8/12),Lahul(Sub-District) / Lahaul And Spiti(District) / Himachal Pradesh(State),00568500,012362,F,,,,
426,12295,Rashel (2/5),राशेल (2/5),Lahul(Sub-District) / Lahaul And Spiti(District) / Himachal Pradesh(State),00561800,012295,F,,,,
427,12410,Ratal (13/8),रतल (13/8),Lahul(Sub-District) / Lahaul And Spiti(District) / Himachal Pradesh(State),00573300,012410,F,,,,
428,12202,R.F. Bhrikhnei (130),आरएफ भृखनेई (130),Udaipur(Sub-District) / Lahaul And Spiti(District) / Himachal Pradesh(State),00552500,012202,F,,,,
429,12187,R.F.Chhaned (111),आरएफ छनेड (111),Udaipur(Sub-District) / Lahaul And Spiti(District) / Himachal Pradesh(State),00551000,012187,F,,,,
430,12219,R.F. Dared (149),आर.एफ.दारेड (149),Udaipur(Sub-District) / Lahaul And Spiti(District) / Himachal Pradesh(State),00554200,012219,F,,,,
431,12211,R.F.Dhandal (139),आर एफ धान्दल (139),Udaipur(Sub-District) / Lahaul And Spiti(District) / Himachal Pradesh(State),00553400,012211,F,,,,
432,12198,R.F.Kain (127),आरएफ केण (127),Udaipur(Sub-District) / Lahaul And Spiti(District) / Himachal Pradesh(State),00552100,012198,F,,,,
433,12184,R.F. Krakoon (117),आरएफ कराकून (117),Udaipur(Sub-District) / Lahaul And Spiti(District) / Himachal Pradesh(State),00550700,012184,F,,,,
434,12220,R.F.Kuryala (150),आरएफ कुरयाला (150),Udaipur(Sub-District) / Lahaul And Spiti(District) / Himachal Pradesh(State),00554300,012220,F,,,,
435,12223,R.F.Ratoli (152),आर एफ रतौली (152),Udaipur(Sub-District) / Lahaul And Spiti(District) / Himachal Pradesh(State),00554600,012223,F,,,,
436,12230,R.F. Riyodan (162),आरएफ रीयोडन (162),Udaipur(Sub-District) / Lahaul And Spiti(District) / Himachal Pradesh(State),00555300,012230,F,,,,
437,12216,R.F. Rumaans (142),आरएफ रूमान्स (142),Udaipur(Sub-District) / Lahaul And Spiti(District) / Himachal Pradesh(State),00553900,012216,F,,,,
438,12218,R.F.Salkot (151),आरएफ सलकोट (151),Udaipur(Sub-District) / Lahaul And Spiti(District) / Himachal Pradesh(State),00554100,012218,F,,,,
439,12225,R.F.Salpat (153),आरएफ सलपट (153),Udaipur(Sub-District) / Lahaul And Spiti(District) / Himachal Pradesh(State),00554800,012225,F,,,,
440,12193,R.F. Surnadi (120),आरएफ सूरनाडी (120),Udaipur(Sub-District) / Lahaul And Spiti(District) / Himachal Pradesh(State),00551600,012193,F,,,,
441,12227,R.F.Surthal (163),आरएफ सुरथल (163),Udaipur(Sub-District) / Lahaul And Spiti(District) / Himachal Pradesh(State),00555000,012227,F,,,,
442,12610,Rijing (155/4),रीजिंग (155/4),Spiti(Sub-District) / Lahaul And Spiti(District) / Himachal Pradesh(State),00593300,012610,F,,,,
443,12403,Ropsang (13/1),रोपसंग (13/1),Lahul(Sub-District) / Lahaul And Spiti(District) / Himachal Pradesh(State),00572600,012403,F,,,,
444,12308,Ruding (4/11),रूडिंग (4/11),Lahul(Sub-District) / Lahaul And Spiti(District) / Himachal Pradesh(State),00563100,012308,F,,,,
445,12304,Rwaling (4/8),रवालिंग (4/8),Lahul(Sub-District) / Lahaul And Spiti(District) / Himachal Pradesh(State),00562700,012304,F,,,,
446,12543,Sagnam (106/1),सगनम (106/1),Spiti(Sub-District) / Lahaul And Spiti(District) / Himachal Pradesh(State),00586600,012543,F,,,,
447,12395,Sakar (12/9),सकर (12/9),Lahul(Sub-District) / Lahaul And Spiti(District) / Himachal Pradesh(State),00571800,012395,F,,,,
448,12215,Salgran (143),सलग्रां (143),Udaipur(Sub-District) / Lahaul And Spiti(District) / Himachal Pradesh(State),00553800,012215,F,,,,
449,12226,Salpat (159),सलपट (159),Udaipur(Sub-District) / Lahaul And Spiti(District) / Himachal Pradesh(State),00554900,012226,F,,,,
450,12605,Sanglung (153),संगलुंग (153),Spiti(Sub-District) / Lahaul And Spiti(District) / Himachal Pradesh(State),00592800,012605,F,,,,
451,12417,Sarkhang (14/1),सरखंग (14/1),Lahul(Sub-District) / Lahaul And Spiti(District) / Himachal Pradesh(State),00574000,012417,F,,,,
452,12173,Shakoli (157),शकोली (157),Udaipur(Sub-District) / Lahaul And Spiti(District) / Himachal Pradesh(State),00549600,012173,F,,,,
453,12545,Shaktan (106/3),शकतन (106/3),Spiti(Sub-District) / Lahaul And Spiti(District) / Himachal Pradesh(State),00586800,012545,F,,,,
454,12566,Shan (126),शाँ (126),Spiti(Sub-District) / Lahaul And Spiti(District) / Himachal Pradesh(State),00588900,012566,F,,,,
455,12296,Shansha (3/5),शांशा (3/5),Lahul(Sub-District) / Lahaul And Spiti(District) / Himachal Pradesh(State),00561900,012296,F,,,,
456,12407,Shashin (13/5),शाशिन (13/5),Lahul(Sub-District) / Lahaul And Spiti(District) / Himachal Pradesh(State),00573000,012407,F,,,,
457,12506,Shego (71/2),शेगो (71/2),Spiti(Sub-District) / Lahaul And Spiti(District) / Himachal Pradesh(State),00582900,012506,F,,,,
458,12267,Shheling (1/12),शेलिंग (1/12),Udaipur(Sub-District) / Lahaul And Spiti(District) / Himachal Pradesh(State),00559000,012267,F,,,,
459,12268,Shhevar (1/11),शेवर (1/11),Udaipur(Sub-District) / Lahaul And Spiti(District) / Himachal Pradesh(State),00559100,012268,F,,,,
460,12596,Shichling (149/4),शिचलिंग (149/4),Spiti(Sub-District) / Lahaul And Spiti(District) / Himachal Pradesh(State),00591900,012596,F,,,,
461,12527,Shilling (90),सीलिंग (90),Spiti(Sub-District) / Lahaul And Spiti(District) / Himachal Pradesh(State),00585000,012527,F,,,,
462,12384,Shipting (11/3),शिपटिंग (11/3),Lahul(Sub-District) / Lahaul And Spiti(District) / Himachal Pradesh(State),00570700,012384,F,,,,
463,12402,Shooling (12/16),शूलिंग (12/16),Lahul(Sub-District) / Lahaul And Spiti(District) / Himachal Pradesh(State),00572500,012402,F,,,,
464,12396,Shugu (12/10),शुगू (12/10),Lahul(Sub-District) / Lahaul And Spiti(District) / Himachal Pradesh(State),00571900,012396,F,,,,
465,12413,Shurthang (13/10),शुरथंग (13/10),Lahul(Sub-District) / Lahaul And Spiti(District) / Himachal Pradesh(State),00573600,012413,F,,,,
466,12594,Shushna (149/2),शुशना (149/2),Spiti(Sub-District) / Lahaul And Spiti(District) / Himachal Pradesh(State),00591700,012594,F,,,,
467,12595,Siluk (149/3),सिलुक (149/3),Spiti(Sub-District) / Lahaul And Spiti(District) / Himachal Pradesh(State),00591800,012595,F,,,,
468,12253,Sindwadi (209),सिंदवाडी (209),Udaipur(Sub-District) / Lahaul And Spiti(District) / Himachal Pradesh(State),00557600,012253,F,,,,
469,12349,Stingri (7/13),स्तींगरी (7/13),Lahul(Sub-District) / Lahaul And Spiti(District) / Himachal Pradesh(State),00567200,012349,F,,,,
470,12656,Sumdo (183/2),सुमदो (183/2),Spiti(Sub-District) / Lahaul And Spiti(District) / Himachal Pradesh(State),00597900,012656,F,,,,
471,12366,Sumdo (8/17),दारचासुमदो (8/17),Lahul(Sub-District) / Lahaul And Spiti(District) / Himachal Pradesh(State),00568900,012366,F,,,,
472,12598,Sumling (149/6),सुमलिंग (149/6),Spiti(Sub-District) / Lahaul And Spiti(District) / Himachal Pradesh(State),00592100,012598,F,,,,
473,12516,Sumling (79),सुमलिंग (79),Spiti(Sub-District) / Lahaul And Spiti(District) / Himachal Pradesh(State),00583900,012516,F,,,,
474,12640,Tabo (174/1),ताबो (174/1),Spiti(Sub-District) / Lahaul And Spiti(District) / Himachal Pradesh(State),00596300,012640,F,,,,
475,12572,Tailing (130/1),तेलिंग (130/1),Spiti(Sub-District) / Lahaul And Spiti(District) / Himachal Pradesh(State),00589500,012572,F,,,,
476,12544,Taksan (106/2),तकसन (106/2),Spiti(Sub-District) / Lahaul And Spiti(District) / Himachal Pradesh(State),00586700,012544,F,,,,
477,12282,Taljon (1/25),तलजोन (1/25),Udaipur(Sub-District) / Lahaul And Spiti(District) / Himachal Pradesh(State),00560500,012282,F,,,,
478,12332,Tandi (6/13),तान्दी (6/13),Lahul(Sub-District) / Lahaul And Spiti(District) / Himachal Pradesh(State),00565500,012332,F,,,,
479,12589,Tangti Kogma (146/1),तंगती कोगमा (146/1),Spiti(Sub-District) / Lahaul And Spiti(District) / Himachal Pradesh(State),00591200,012589,F,,,,
480,12590,Tangti Yogma (146/2),तंगती योगमा (146/2),Spiti(Sub-District) / Lahaul And Spiti(District) / Himachal Pradesh(State),00591300,012590,F,,,,
481,12602,Tarbole (151/3),तरबोले (151/3),Spiti(Sub-District) / Lahaul And Spiti(District) / Himachal Pradesh(State),00592500,012602,F,,,,
482,12495,Tashigang (63),टशीगंग (63),Spiti(Sub-District) / Lahaul And Spiti(District) / Himachal Pradesh(State),00581800,012495,F,,,,
483,12347,Tayul (7/11),तायुल (7/11),Lahul(Sub-District) / Lahaul And Spiti(District) / Himachal Pradesh(State),00567000,012347,F,,,,
484,12305,Telangway (4/9),टेलंगवे (4/9),Lahul(Sub-District) / Lahaul And Spiti(District) / Himachal Pradesh(State),00562800,012305,F,,,,
485,12423,Telling (14/8),तेलिंग (14/8),Lahul(Sub-District) / Lahaul And Spiti(District) / Himachal Pradesh(State),00574600,012423,F,,,,
486,12300,Thapak (4/3),ठपाक (4/3),Lahul(Sub-District) / Lahaul And Spiti(District) / Himachal Pradesh(State),00562300,012300,F,,,,
487,12546,Thhango (106/4),थांगो (106/4),Spiti(Sub-District) / Lahaul And Spiti(District) / Himachal Pradesh(State),00586900,012546,F,,,,
488,12496,Thinam (64),ठीनम (64),Spiti(Sub-District) / Lahaul And Spiti(District) / Himachal Pradesh(State),00581900,012496,F,,,,
489,12255,Thirot (1/5),थिरोट (1/5),Udaipur(Sub-District) / Lahaul And Spiti(District) / Himachal Pradesh(State),00557800,012255,F,,,,
490,12374,Thola-Pyaso (9/6),थोला-प्यासो (9/6),Lahul(Sub-District) / Lahaul And Spiti(District) / Himachal Pradesh(State),00569700,012374,F,,,,
491,12322,Tholong (6/6),ठोलोंग (6/6),Lahul(Sub-District) / Lahaul And Spiti(District) / Himachal Pradesh(State),00564500,012322,F,,,,
492,12388,Thorang (12/2),थोरंग (12/2),Lahul(Sub-District) / Lahaul And Spiti(District) / Himachal Pradesh(State),00571100,012388,F,,,,
493,12279,Tibok (1/28),तिवोक (1/28),Udaipur(Sub-District) / Lahaul And Spiti(District) / Himachal Pradesh(State),00560200,012279,F,,,,
494,12331,Tila (6/8),तिला (6/8),Lahul(Sub-District) / Lahaul And Spiti(District) / Himachal Pradesh(State),00565400,012331,F,,,,
495,12391,Tiling (12/5),टिलिंग (12/5),Lahul(Sub-District) / Lahaul And Spiti(District) / Himachal Pradesh(State),00571400,012391,F,,,,
496,12199,Tindi (129),तिन्दी (129),Udaipur(Sub-District) / Lahaul And Spiti(District) / Himachal Pradesh(State),00552200,012199,F,,,,
497,12369,Tingel (8/10),तिंगल (8/10),Lahul(Sub-District) / Lahaul And Spiti(District) / Himachal Pradesh(State),00569200,012369,F,,,,
498,12146,Tingrat (176),तिंगरट (176),Udaipur(Sub-District) / Lahaul And Spiti(District) / Himachal Pradesh(State),00546900,012146,F,,,,
499,12371,Tinno (8/1),तिनो (8/1),Lahul(Sub-District) / Lahaul And Spiti(District) / Himachal Pradesh(State),00569400,012371,F,,,,
500,12646,Tipta (177/3),तिपता (177/3),Spiti(Sub-District) / Lahaul And Spiti(District) / Himachal Pradesh(State),00596900,012646,F,,,,
501,12611,Tishu (155/5),तीशू (155/5),Spiti(Sub-District) / Lahaul And Spiti(District) / Himachal Pradesh(State),00593400,012611,F,,,,
502,12584,Todhnan (141),तोदनम (141),Spiti(Sub-District) / Lahaul And Spiti(District) / Himachal Pradesh(State),00590700,012584,F,,,,
503,12312,Tokaring (5/3),तो-कारिंग (5/3),Lahul(Sub-District) / Lahaul And Spiti(District) / Himachal Pradesh(State),00563500,012312,F,,,,
504,12383,Topchling (11/2),तोपचलिंग (11/2),Lahul(Sub-District) / Lahaul And Spiti(District) / Himachal Pradesh(State),00570600,012383,F,,,,
505,12318,Tozing (5/11),तोजिंग (5/11),Lahul(Sub-District) / Lahaul And Spiti(District) / Himachal Pradesh(State),00564100,012318,F,,,,
506,12239,Triloknath (216),त्रिलोकनाथ  (216),Udaipur(Sub-District) / Lahaul And Spiti(District) / Himachal Pradesh(State),00556200,012239,F,,,,
507,12601,Tulse Pena (151/2),तुलसे पेना (151/2),Spiti(Sub-District) / Lahaul And Spiti(District) / Himachal Pradesh(State),00592400,012601,F,,,,
508,12231,Udaipur (160),उदयपुर (160),Udaipur(Sub-District) / Lahaul And Spiti(District) / Himachal Pradesh(State),00555400,012231,F,,,,
509,12533,Upperla Gulling (96),उपरला गूलिंग (96),Spiti(Sub-District) / Lahaul And Spiti(District) / Himachal Pradesh(State),00585600,012533,F,,,,
510,12319,Wari (5/12),वारी (5/12),Lahul(Sub-District) / Lahaul And Spiti(District) / Himachal Pradesh(State),00564200,012319,F,,,,
511,12325,Waring (5/14),वारिंग (5/14),Lahul(Sub-District) / Lahaul And Spiti(District) / Himachal Pradesh(State),00564800,012325,F,,,,
512,12375,Yala-Pyaso (9/5),याला-प्यासो (9/5),Lahul(Sub-District) / Lahaul And Spiti(District) / Himachal Pradesh(State),00569800,012375,F,,,,
513,12302,Yang Kirting (4/6),यंग-किरतिंग (4/6),Lahul(Sub-District) / Lahaul And Spiti(District) / Himachal Pradesh(State),00562500,012302,F,,,,
514,12314,Yangrang (5/7),यंगरंग (5/7),Lahul(Sub-District) / Lahaul And Spiti(District) / Himachal Pradesh(State),00563700,012314,F,,,,
515,12281,Yangthang (1/30),यंगथंग (1/30),Udaipur(Sub-District) / Lahaul And Spiti(District) / Himachal Pradesh(State),00560400,012281,F,,,,
516,12320,Yangtozing (5/10),यंग-तोजिंग (5/10),Lahul(Sub-District) / Lahaul And Spiti(District) / Himachal Pradesh(State),00564300,012320,F,,,,
517,12514,Yargo Rangrik (77/2),यारगो रंगरीक (77/2),Spiti(Sub-District) / Lahaul And Spiti(District) / Himachal Pradesh(State),00583700,012514,F,,,,
518,12426,Yari Koksar (14/11),यारीकोकसर (14/11),Lahul(Sub-District) / Lahaul And Spiti(District) / Himachal Pradesh(State),00574900,012426,F,,,,
519,12368,Yoche (8/19),योचे (8/19),Lahul(Sub-District) / Lahaul And Spiti(District) / Himachal Pradesh(State),00569100,012368,F,,,,
520,12622,Yulshikpo (163/4),युलशिकपो (163/4),Spiti(Sub-District) / Lahaul And Spiti(District) / Himachal Pradesh(State),00594500,012622,F,,,,
521,12343,Yurnath (7/7),यूरनाथ (7/7),Lahul(Sub-District) / Lahaul And Spiti(District) / Himachal Pradesh(State),00566600,012343,F,,,,
